,momentum_12_1,value_pb,vol_20d
momentum_12_1,1.0,-0.12960514775796714,0.10427025520848149
value_pb,-0.12960514775796714,1.0,0.2888434176296729
vol_20d,0.10427025520848149,0.2888434176296729,1.0
