因子,均值IC,IC标准差,ICIR,年化ICIR,IC胜率,t统计量,p值,有效期数,NW_t统计量
value_pb,0.04134,0.133414,0.3099,4.9189,0.6816,4.3931,0.0,201,2.3052
vol_20d,0.053295,0.22016,0.2421,3.8428,0.6931,3.4405,0.0007,202,1.8236
momentum_12_1,-0.100594,0.134261,-0.7492,-11.8938,0.3182,-3.5143,0.0021,22,-2.0053
