因子,ls_年化收益,ls_夏普比率,ls_最大回撤,ls_Calmar,ls_胜率,单调性得分,年化收益_Q1,年化收益_Q2,年化收益_Q3,年化收益_Q4,年化收益_Q5
value_pb,-0.5138968151568644,-0.6242139901347822,-0.9158508064407775,-0.5611141154682108,0.6467661691542289,0.7,730.2988851014239,1045.6351216834184,2305.256023661703,3783.0424248515264,1287.7326738974732
vol_20d,-0.9570371737246683,-0.7192265555927255,-0.9923598631110556,-0.9644053627122218,0.5643564356435643,-0.39999999999999997,886.6864870842032,2889.139202179572,2342.9632727564995,1416.8317601323781,571.6635032863944
momentum_12_1,-0.9999210429296637,-1.6044519318199202,-0.5367441480632541,-1.8629379501158998,0.2727272727272727,-0.7,1371.231559037494,32434.15902440502,16371.781265010735,100.31859384064434,-0.7702511125849255
