forward,mean_ic,std_ic,icir,win_rate,t_stat
1,0.032235,0.146208,0.2205,0.5788,8.4041
5,0.048004,0.150053,0.3199,0.5967,12.1735
10,0.058279,0.152492,0.3822,0.6036,14.5177
21,0.075886,0.155643,0.4876,0.6501,18.4504
60,0.114594,0.124779,0.9184,0.7976,34.2763
